mean_number,sd_number,min_number,max_number
1609162.6645244216,1905412.3626923189,3844,21480937
