n,mean,sd,min,max
800,2193479.73375,2653564.549354828,202,31430472
