mean_number,sd_number,min_number,max_number
6891174.539845758,8686655.260252152,31687,119213337
