mean_number,sd_number,min_number,max_number
2485075.285714286,1286426.9498012334,484360,3960753
