mean_number,sd_number,min_number,max_number
5675411.44344473,6753900.162877835,25320,80286143
