n_snp,n_contig,mean_depth,sd_depth,min_depth,max_depth,mean_phred,sd_phred,min_phred,max_phred,mean_missing_snp,sd_missing_snp,min_missing_snp,max_missing_snp,n_ind,mean_missing_ind,sd_missing_ind,min_missing_ind,max_missing_ind,mean_snp_per_contig,sd_snp_per_contig,min_snp_per_contig,max_snp_per_contig
185312,15690,360.46139483681577,316.1445229812417,20,4049,2823.6534882223873,3960.3841695408123,6.49957e-13,117327,0.1853383945531243,0.2228038519912682,0,0.8571428571428571,7,0.1853383945531243,0.0864945287391653,0.09635101882231048,0.30811820065619067,11.810834926704908,9.398435276003521,1,67
