mean_number,sd_number,min_number,max_number
1479871.857142857,922700.1627763356,194095,2647685
