mean_number,sd_number,min_number,max_number
1850867.2763496144,2265530.33024717,1990,20326650
